outcome,predictor,beta_coefficient,ci_lower,ci_upper,p_value,regression_type,p_gt_0.2
ICU Stay in 28 Days,Patient ID,0.003868043123274186,-0.026365006493506878,0.03410109274005525,0.8020000349435451,ordinal_logistic,False
ICU Stay in 28 Days,Age,-0.056297060916161906,-0.1436074299350631,0.03101330810273928,0.20631264628419754,ordinal_logistic,False
ICU Stay in 28 Days,Male Gender,-1.306231199022017,-3.9236421298367405,1.3111797317927065,0.3280104189127243,ordinal_logistic,False
ICU Stay in 28 Days,Female Gender,1.301759558442059,-1.3148589040375742,3.918378020921692,0.329522564945828,ordinal_logistic,False
ICU Stay in 28 Days,Height,0.0746564607982868,-0.19058322202774447,0.3398961436243181,0.5811765380825029,ordinal_logistic,False
ICU Stay in 28 Days,Weight,0.04224921182049332,-0.037260938282484474,0.12175936192347112,0.297660401136972,ordinal_logistic,False
ICU Stay in 28 Days,VIM,0.0,-3.036361992245045,3.036361992245045,1.0,ordinal_logistic,False
ICU Stay in 28 Days,NDM,-0.43592068085899105,-2.4475292797437707,1.5756879180257888,0.671034122554685,ordinal_logistic,False
ICU Stay in 28 Days,P/C in vitro,0.8471721498013282,-2.2370144023818255,3.931358701984482,0.5903231132034262,ordinal_logistic,False
ICU Stay in 28 Days,CAAZ invitro,1.0346534369084317,-1.405210573440547,3.4745174472574103,0.4058910958891744,ordinal_logistic,False
ICU Stay in 28 Days,CKD,0.8471721498013282,-2.2370142799680304,3.931358579570687,0.590323098454141,ordinal_logistic,False
ICU Stay in 28 Days,HTN,-0.774406438592763,-2.910726587337153,1.3619137101516272,0.4774076927105875,ordinal_logistic,False
ICU Stay in 28 Days,DM,0.9493008732134223,-1.5955927194183508,3.4941944658451956,0.464712358502699,ordinal_logistic,False
ICU Stay in 28 Days,COPD,-11.701407626594666,-43.615658045324,20.21284279213467,0.47237279125545617,ordinal_logistic,False
ICU Stay in 28 Days,Hypothyroidism,0.6626565281768326,-2.1322417172896824,3.4575547736433476,0.6421479190477697,ordinal_logistic,False
ICU Stay in 28 Days,CRO based UTI,1.960316090599357,-1.2187459073104985,5.139378088509213,0.22682446319649296,ordinal_logistic,False
ICU Stay in 28 Days,CRO based IAI,-2.1979470183694794,-5.65402758356281,1.258133546823851,0.2125922940518301,ordinal_logistic,False
ICU Stay in 28 Days,CRO based HAP,1.0631012558614903,-1.1828547894396255,3.309057301162606,0.35354778783579,ordinal_logistic,False
ICU Stay in 28 Days,CRO based VAP,1.150695751098648,-1.0723236218596979,3.373715124056994,0.31032941026119587,ordinal_logistic,False
ICU Stay in 28 Days,CRO based CAP,-1.085760936658934,-4.181808134880252,2.010286261562384,0.4918653945185981,ordinal_logistic,False
ICU Stay in 28 Days,CRO based BSI,-2.1979470183694794,-5.6540272167173224,1.2581331799783642,0.21259224550705558,ordinal_logistic,False
ICU Stay in 28 Days,Other CRO Infections,-11.701407626594666,-43.615658045324,20.21284279213467,0.47237279125545617,ordinal_logistic,False
ICU Stay in 28 Days,Hospitalization in past 6 Months,1.11365493365359,-1.0033133636730582,3.230623230980238,0.30251219040276045,ordinal_logistic,False
ICU Stay in 28 Days,CV Catheter in 6 Months,0.0,-3.0363616166309413,3.0363616166309413,1.0,ordinal_logistic,False
ICU Stay in 28 Days,Urinary Catheter in 6 Months,0.0,-3.0363616166309413,3.0363616166309413,1.0,ordinal_logistic,False
ICU Stay in 28 Days,Surgery in last 3 Months,-0.948326217503721,-3.0722121528799526,1.1755597178725106,0.3815008871119986,ordinal_logistic,False
ICU Stay in 28 Days,Past CREPA infection,-0.127237772446144,-2.5511282076014714,2.2966526627091834,0.9180544117268801,ordinal_logistic,False
ICU Stay in 28 Days,Endoscopy in 1 week,0.8471721498013282,-2.2370142799680304,3.931358579570687,0.590323098454141,ordinal_logistic,False
ICU Stay in 28 Days,Immunosuppressive drugs in 1 week,1.7844583048122693,-0.4060001169539327,3.9749167265784715,0.11033574705426573,ordinal_logistic,True
ICU Stay in 28 Days,Inotropes ,2.2709950936042738,-0.06668565224713863,4.608675839455686,0.05690325103296256,ordinal_logistic,True
ICU Stay in 28 Days,Ventilation,1.7917565812496372,-0.8002859454057343,4.383799107905009,0.17547155495169175,ordinal_logistic,True
ICU Stay in 28 Days,Overall organ support,8.719549566842254,,,,ordinal_logistic,False
ICU Stay in 28 Days,Neutropenia,-0.17146551216881983,-2.987548553524807,2.6446175291871676,0.9050074353501484,ordinal_logistic,False
ICU Stay in 28 Days,Any Viral Infection,1.0865314390922798,-1.0830783833091866,3.256141261493746,0.32632568679462104,ordinal_logistic,False
ICU Stay in 28 Days,Any Fungal Infection,1.8758687944867654,-0.470298842188988,4.222036431162518,0.11709570483166724,ordinal_logistic,True
ICU Stay in 28 Days,Hemat Malignancy,2.9435297428705365,-0.16187442167530675,6.04893390741638,0.06319776760111985,ordinal_logistic,True
ICU Stay in 28 Days,Solid Organ,-1.5352758906470667,-3.9003931473644284,0.829841366070295,0.20327454278135393,ordinal_logistic,False
ICU Stay in 28 Days,APACHEII,0.06303817512597845,-0.09083471547301805,0.21691106572497496,0.4220024499773246,ordinal_logistic,False
ICU Stay in 28 Days,SOFA,0.11701115505009874,-0.20941832492820617,0.44344063502840364,0.48232741146795366,ordinal_logistic,False
ICU Stay in 28 Days,Total Leukocyte Count,-0.8521185289109974,-2.971801750669523,1.2675646928475282,0.43074879398426813,ordinal_logistic,False
ICU Stay in 28 Days,Absolute Neutrophil Count,0.9815908131816333,-1.2780830836765031,3.24126471003977,0.3945481045590501,ordinal_logistic,False
ICU Stay in 28 Days,Absolute Lymphocyte Count,-0.2944958939415005,-2.428185577345217,1.8391937894622161,0.7867618142521758,ordinal_logistic,False
ICU Stay in 28 Days,Platelet,-1.362649725665483,-3.4764682595322,0.7511688082012338,0.20642064714474395,ordinal_logistic,False
ICU Stay in 28 Days,Bil,-2.4138640262562565,-4.999535755998343,0.1718077034858303,0.06729000894039619,ordinal_logistic,True
ICU Stay in 28 Days,SGPT,-0.2598203588055886,-2.2601525502892788,1.7405118326781013,0.7990498340671696,ordinal_logistic,False
ICU Stay in 28 Days,SGOT,-0.37156072910536936,-2.444091997638846,1.7009705394281072,0.7253034258539257,ordinal_logistic,False
ICU Stay in 28 Days,Albumin,1.0896464904891885,-1.4384668851082565,3.6177598660866335,0.3982406943361946,ordinal_logistic,False
ICU Stay in 28 Days,Total Protein,1.0896464904891885,-1.4384668851082565,3.6177598660866335,0.3982406943361946,ordinal_logistic,False
ICU Stay in 28 Days,Globulin,0.0,-2.016778845642558,2.016778845642558,1.0,ordinal_logistic,False
ICU Stay in 28 Days,ALP,-0.62907866821405,-2.676572870748709,1.4184155343206086,0.5470505972195033,ordinal_logistic,False
ICU Stay in 28 Days,Creatinine,15.258065041839256,-64.22199991967139,94.73813000334991,0.7067227837000296,ordinal_logistic,False
ICU Stay in 28 Days,Sodium,-0.43592068085899105,-2.4475294423448855,1.5756880806269031,0.6710341475846302,ordinal_logistic,False
ICU Stay in 28 Days,Potassium,0.46989442535969805,-1.6155064133222354,2.5552952640416318,0.6587567708272004,ordinal_logistic,False
ICU Stay in 28 Days,Urea,0.3822205961069829,-1.721189826062998,2.4856310182769636,0.7217250369727588,ordinal_logistic,False
ICU Stay in 28 Days,Calcium,-0.8117253746537074,-2.8769592925028737,1.2535085431954587,0.44109243325221714,ordinal_logistic,False
ICU Stay in 28 Days,Magnesium,3.2574451334859846,0.46812477550616594,6.046765491465804,0.022085167940165223,ordinal_logistic,True
ICU Stay in 28 Days,Empirically given P/C and CAAZ,1.703519440606859,-1.5162450094708597,4.923283890684578,0.29974439488361937,ordinal_logistic,False
ICU Stay in 28 Days,Empirically given P/C only,-0.2055875622663748,-2.379259236654252,1.9680841121215025,0.8529349766381604,ordinal_logistic,False
ICU Stay in 28 Days,Empirically given CAAZ only,0.0,-3.036361992245045,3.036361992245045,1.0,ordinal_logistic,False
ICU Stay in 28 Days,Targettedly Given P/C and CAAZ,1.0346534369084317,-1.405210573440547,3.4745174472574103,0.4058910958891744,ordinal_logistic,False
ICU Stay in 28 Days,Targettedly Given P/C only,-1.2272775186053968,-3.3655369473321985,0.910981910121405,0.2606132367548759,ordinal_logistic,False
ICU Stay in 28 Days,Targettedly Given CAAZ only,1.379680793036918,-2.1292045659728154,4.888566152046652,0.4409140505935968,ordinal_logistic,False
ICU Stay in 28 Days,Amikacin Resistance,0.48026556497211426,-0.5371743079545038,1.4977054378987322,0.35487832259970076,ordinal_logistic,False
ICU Stay in 28 Days,Aztreonam Resistance,-0.17603524476707377,-1.6054539614643644,1.2533834719302166,0.8092662236505077,ordinal_logistic,False
ICU Stay in 28 Days,Ciprofloxacin Resistance,0.6606322165728382,-0.6240701061169849,1.9453345392626613,0.3135159704176239,ordinal_logistic,False
ICU Stay in 28 Days,Colistin Resistance,0.8476631888532749,-2.236492513909247,3.931818891615797,0.5901040227474847,ordinal_logistic,False
ICU Stay in 28 Days,Cefepime Resistance,0.391599961596687,-0.7069388559755396,1.4901387791689136,0.4847550399512861,ordinal_logistic,False
ICU Stay in 28 Days,Gentamicin Resistance,-11.701407626594666,-43.615658045324,20.21284279213467,0.47237279125545617,ordinal_logistic,False
ICU Stay in 28 Days,Imipenem Resistance,0.0,-1.518175634001893,1.518175634001893,1.0,ordinal_logistic,False
ICU Stay in 28 Days,Levofloxacin Resistance,0.9499586423764026,-0.3975845367120099,2.297501821464815,0.1670674097817859,ordinal_logistic,True
ICU Stay in 28 Days,Meropenem Resistance,0.0,-1.518175634001893,1.518175634001893,1.0,ordinal_logistic,False
ICU Stay in 28 Days,Cefoperazone/Sulbactam,0.4299366131890627,-0.7736220418024091,1.6334952681805346,0.4838395036642936,ordinal_logistic,False
ICU Stay in 28 Days,Ceftazidime Resistance,-0.0902713870393619,-1.2716983700292952,1.0911555959505714,0.8809551959016835,ordinal_logistic,False
ICU Stay in 28 Days,Piperacillin/Tazobactam Resistance,0.6606322165728382,-0.6240701061169849,1.9453345392626613,0.3135159704176239,ordinal_logistic,False
ICU Stay in 28 Days,Carbapenemase,-0.3954580023856433,-2.5325674336324084,1.7416514288611218,0.7168451324508867,ordinal_logistic,False
ICU Stay in 28 Days,Clinical improvement,-0.774406438592763,-2.910726587337153,1.3619137101516272,0.4774076927105875,ordinal_logistic,False
ICU Stay in 28 Days,GW Stay in 28 Days,0.07522140940680946,-0.10298318525729303,0.253426004070912,0.4080588013426393,ordinal_logistic,False
ICU Stay in 28 Days,Total Hospital stay in 28 days,0.19537993633740963,0.02277969387560494,0.3679801787992143,0.02651129042918736,ordinal_logistic,True
ICU Stay in 28 Days,Mortality in Hospital,0.6283080291846747,-1.5811309575195795,2.837747015888929,0.577278955520745,ordinal_logistic,False
ICU Stay in 28 Days,Mortality post 28 Day Discharge,-0.127237772446144,-2.5511282076014714,2.2966526627091834,0.9180544117268801,ordinal_logistic,False
ICU Stay in 28 Days,Overall mortality,0.4362016510650243,-1.575399959875714,2.4478032620057624,0.6708334706983665,ordinal_logistic,False
ICU Stay in 28 Days,Relapse post 28 Day Discharge,-1.085760936658934,-4.181808134880252,2.010286261562384,0.4918653945185981,ordinal_logistic,False
GW Stay in 28 Days,Patient ID,0.0020592266107366127,-0.028286649844042413,0.03240510306551564,0.8941931609431427,ordinal_logistic,False
GW Stay in 28 Days,Age,0.0538373874435307,-0.036217536791483235,0.14389231167854463,0.24130866739693468,ordinal_logistic,False
GW Stay in 28 Days,Male Gender,1.048072884509165,-1.6136662112381854,3.7098119802565153,0.4402651903356619,ordinal_logistic,False
GW Stay in 28 Days,Female Gender,-1.0666875444577781,-3.726442421856608,1.5930673329410519,0.43184505649854965,ordinal_logistic,False
GW Stay in 28 Days,Height,0.345813855857831,-0.023019207161764588,0.7146469188774265,0.0661153454241553,ordinal_logistic,True
GW Stay in 28 Days,Weight,0.035811898265702746,-0.05462415234090651,0.126247948872312,0.43767289218446526,ordinal_logistic,False
GW Stay in 28 Days,VIM,0.40352708807526017,-2.6433424244536567,3.4503966006041766,0.7951897474788696,ordinal_logistic,False
GW Stay in 28 Days,NDM,0.8145369606154096,-1.264711672630926,2.893785593861745,0.4426014403737335,ordinal_logistic,False
GW Stay in 28 Days,P/C in vitro,7.138670825308379,-1.7380480190904954,16.015389669707254,0.11497833071572143,ordinal_logistic,True
GW Stay in 28 Days,CAAZ invitro,0.0,-5.259344105139636,5.259344105139636,1.0,ordinal_logistic,False
GW Stay in 28 Days,CKD,-11.258086541784692,-54.5159411378799,31.999768054310515,0.6099876802253551,ordinal_logistic,False
GW Stay in 28 Days,HTN,0.21403343393013216,-2.011148341974728,2.439215209834992,0.8504667303203466,ordinal_logistic,False
GW Stay in 28 Days,DM,-0.6212800150347411,-3.0563942455588933,1.8138342154894112,0.6170376787925933,ordinal_logistic,False
GW Stay in 28 Days,COPD,0.40352708807526017,-2.643343937075681,3.4503981132262016,0.7951898468938587,ordinal_logistic,False
GW Stay in 28 Days,Hypothyroidism,-0.6622769681544718,-3.456569304705635,2.132015368396692,0.6422664339667594,ordinal_logistic,False
GW Stay in 28 Days,CRO based UTI,0.41399799876340415,-2.1113350499826398,2.939331047509448,0.7479735570071135,ordinal_logistic,False
GW Stay in 28 Days,CRO based IAI,-0.8580228576052236,-3.9418586024709965,2.22581288726055,0.5855297516729073,ordinal_logistic,False
GW Stay in 28 Days,CRO based HAP,-5.973783303734557,-11.985515950549395,0.03794934308028175,0.05146384722513529,ordinal_logistic,True
GW Stay in 28 Days,CRO based VAP,3.429835760561507,0.2857370064396285,6.573934514683385,0.0325097372738557,ordinal_logistic,True
GW Stay in 28 Days,CRO based CAP,1.0729373969648277,-2.0225113665231915,4.168386160452847,0.4969108963905372,ordinal_logistic,False
GW Stay in 28 Days,CRO based BSI,-0.19905014117779993,-3.2251192172125513,2.8270189348569517,0.8974182622563401,ordinal_logistic,False
GW Stay in 28 Days,Other CRO Infections,0.40352708807526017,-2.643343937075681,3.4503981132262016,0.7951898468938587,ordinal_logistic,False
GW Stay in 28 Days,Hospitalization in past 6 Months,-1.1670541336073148,-3.254951225130763,0.9208429579161335,0.2732781832170278,ordinal_logistic,False
GW Stay in 28 Days,CV Catheter in 6 Months,-0.8580228576052236,-3.9418582036769854,2.2258124884665387,0.5855297031800235,ordinal_logistic,False
GW Stay in 28 Days,Urinary Catheter in 6 Months,-0.8580228576052236,-3.9418582036769854,2.2258124884665387,0.5855297031800235,ordinal_logistic,False
GW Stay in 28 Days,Surgery in last 3 Months,-1.3724001161565251,-3.5716083237924616,0.8268080914794114,0.2212913720342583,ordinal_logistic,False
GW Stay in 28 Days,Past CREPA infection,-1.2927252249287515,-4.748088541401615,2.162638091544112,0.4633971881607113,ordinal_logistic,False
GW Stay in 28 Days,Endoscopy in 1 week,-11.258086541784692,-54.5159411378799,31.999768054310515,0.6099876802253551,ordinal_logistic,False
GW Stay in 28 Days,Immunosuppressive drugs in 1 week,2.3080870142350918,-0.11861738036432934,4.734791408834512,0.06229911395798296,ordinal_logistic,True
GW Stay in 28 Days,Inotropes ,-0.36677626203069846,-2.425424925620498,1.6918724015591013,0.7269434871005733,ordinal_logistic,False
GW Stay in 28 Days,Ventilation,-0.9280998808200753,-3.027925441220413,1.1717256795802624,0.38633520730863247,ordinal_logistic,False
GW Stay in 28 Days,Overall organ support,0.24312978925493603,-2.1256456251102205,2.611905203620093,0.840565952025702,ordinal_logistic,False
GW Stay in 28 Days,Neutropenia,1.1570424156141064,-1.4665040272947012,3.780588858522914,0.38737490819539244,ordinal_logistic,False
GW Stay in 28 Days,Any Viral Infection,0.0,-1.9877684624364391,1.9877684624364391,1.0,ordinal_logistic,False
GW Stay in 28 Days,Any Fungal Infection,1.599247649219202,-0.774659431160369,3.973154729598773,0.18670700189940148,ordinal_logistic,True
GW Stay in 28 Days,Hemat Malignancy,0.6104446130603662,-1.5620781130776282,2.7829673391983607,0.5818263453267639,ordinal_logistic,False
GW Stay in 28 Days,Solid Organ,-1.0389006075371758,-3.1625037063338874,1.084702491259536,0.3376364652543866,ordinal_logistic,False
GW Stay in 28 Days,APACHEII,0.03126789938831345,-0.09510677276965171,0.15764257154627861,0.627719899897569,ordinal_logistic,False
GW Stay in 28 Days,SOFA,0.005522835369431552,-0.2858818780039943,0.2969275487428574,0.9703684880923121,ordinal_logistic,False
GW Stay in 28 Days,Total Leukocyte Count,1.4444552875222656,-0.7913302615015221,3.6802408365460533,0.2054208880337669,ordinal_logistic,False
GW Stay in 28 Days,Absolute Neutrophil Count,-1.4348393990362354,-3.8848942261042896,1.0152154280318189,0.2510409218210281,ordinal_logistic,False
GW Stay in 28 Days,Absolute Lymphocyte Count,-0.659338756749727,-2.7605031656427865,1.4418256521433328,0.5385345720584535,ordinal_logistic,False
GW Stay in 28 Days,Platelet,0.09229691609552762,-1.9703278954637544,2.1549217276548096,0.9301126397542149,ordinal_logistic,False
GW Stay in 28 Days,Bil,-1.2744641317370649,-3.5242495651528256,0.9753213016786959,0.26687608581841904,ordinal_logistic,False
GW Stay in 28 Days,SGPT,-0.4572459035791112,-2.5367266667391,1.6222348595808775,0.6664930937644038,ordinal_logistic,False
GW Stay in 28 Days,SGOT,-0.6123911992301311,-2.633397720234521,1.4086153217742585,0.5525826654184458,ordinal_logistic,False
GW Stay in 28 Days,Albumin,1.0367768216572784,-1.402926638283665,3.4764802815982216,0.4048973801317256,ordinal_logistic,False
GW Stay in 28 Days,Total Protein,1.0367768216572784,-1.402926638283665,3.4764802815982216,0.4048973801317256,ordinal_logistic,False
GW Stay in 28 Days,Globulin,0.2495209699022095,-2.1509756435736196,2.650017583378039,0.8385648425294018,ordinal_logistic,False
GW Stay in 28 Days,ALP,-3.4665415783760505,-6.518333805319907,-0.4147493514321936,0.025992084204314155,ordinal_logistic,True
GW Stay in 28 Days,Creatinine,-0.399338856550155,-3.4461389489761216,2.6474612358758116,0.7972643743736376,ordinal_logistic,False
GW Stay in 28 Days,Sodium,0.527503054774702,-1.4964360454767536,2.5514421550261575,0.6094707306358949,ordinal_logistic,False
GW Stay in 28 Days,Potassium,-2.0421798701566947,-4.426499811560972,0.3421400712475826,0.09320716404713704,ordinal_logistic,True
GW Stay in 28 Days,Urea,0.27152739029847256,-1.7735089709688507,2.3165637515657957,0.7946848206161314,ordinal_logistic,False
GW Stay in 28 Days,Calcium,1.8214746153065353,-0.5614752986267013,4.2044245292397715,0.1340933856511785,ordinal_logistic,True
GW Stay in 28 Days,Magnesium,-1.2681276342719157,-3.676650295889912,1.1403950273460808,0.3020936873857749,ordinal_logistic,False
GW Stay in 28 Days,Empirically given P/C and CAAZ,2.655032743522849,-0.9425622716773456,6.252627758723044,0.1480489036851343,ordinal_logistic,True
GW Stay in 28 Days,Empirically given P/C only,0.3595500760903868,-1.6835010598018525,2.4026012119826263,0.7301486259866043,ordinal_logistic,False
GW Stay in 28 Days,Empirically given CAAZ only,0.40352708807526017,-2.6433424244536567,3.4503966006041766,0.7951897474788696,ordinal_logistic,False
GW Stay in 28 Days,Targettedly Given P/C and CAAZ,0.0,-5.259344105139636,5.259344105139636,1.0,ordinal_logistic,False
GW Stay in 28 Days,Targettedly Given P/C only,-1.1711734176671589,-3.276014033058912,0.9336671977245945,0.2754659660908745,ordinal_logistic,False
GW Stay in 28 Days,Targettedly Given CAAZ only,1.7552235198105903,-0.861324502026213,4.3717715416473935,0.18858515174897839,ordinal_logistic,True
GW Stay in 28 Days,Amikacin Resistance,0.690855409498115,-0.37702852391287656,1.7587393429091065,0.20480634657123375,ordinal_logistic,False
GW Stay in 28 Days,Aztreonam Resistance,0.2874746163901586,-1.1856750638800562,1.7606242966603731,0.7021105940348644,ordinal_logistic,False
GW Stay in 28 Days,Ciprofloxacin Resistance,0.7946153711844948,-0.49891989019400684,2.0881506325629964,0.22858926349478803,ordinal_logistic,False
GW Stay in 28 Days,Colistin Resistance,7.602625837102529,-4.667439539239398,19.872691213444455,0.2245917357072975,ordinal_logistic,False
GW Stay in 28 Days,Cefepime Resistance,0.544548490183975,-0.6128152648933285,1.7019122452612785,0.3564357204687323,ordinal_logistic,False
GW Stay in 28 Days,Gentamicin Resistance,0.40352708807526017,-2.643343937075681,3.4503981132262016,0.7951898468938587,ordinal_logistic,False
GW Stay in 28 Days,Imipenem Resistance,0.42460240325201914,-1.117566552672948,1.966771359176986,0.5894500832815094,ordinal_logistic,False
GW Stay in 28 Days,Levofloxacin Resistance,0.4515077012357942,-0.7635405723649062,1.6665559748364946,0.4664203038073762,ordinal_logistic,False
GW Stay in 28 Days,Meropenem Resistance,0.42460240325201914,-1.117566552672948,1.966771359176986,0.5894500832815094,ordinal_logistic,False
GW Stay in 28 Days,Cefoperazone/Sulbactam,0.9758678854808298,-0.38000151600525744,2.3317372869669173,0.15834593960683863,ordinal_logistic,True
GW Stay in 28 Days,Ceftazidime Resistance,1.0139120054578354,-0.39718375308876297,2.425007764004434,0.15904543193425746,ordinal_logistic,True
GW Stay in 28 Days,Piperacillin/Tazobactam Resistance,0.7946153711844948,-0.49891989019400684,2.0881506325629964,0.22858926349478803,ordinal_logistic,False
GW Stay in 28 Days,Carbapenemase,0.23846560780000442,-2.1009135739382425,2.577844789538251,0.8416450110215654,ordinal_logistic,False
GW Stay in 28 Days,Clinical improvement,0.21403343393013216,-2.011148341974728,2.439215209834992,0.8504667303203466,ordinal_logistic,False
GW Stay in 28 Days,ICU Stay in 28 Days,0.06266478256848555,-0.2573688853865372,0.3826984505235083,0.7011456913943772,ordinal_logistic,False
GW Stay in 28 Days,Total Hospital stay in 28 days,0.17709418609700123,-0.024271434280538573,0.378459806474541,0.08475815203747454,ordinal_logistic,True
GW Stay in 28 Days,Mortality in Hospital,-2.791123677298623,-5.634757736964524,0.05251038236727723,0.05438324346255755,ordinal_logistic,True
GW Stay in 28 Days,Mortality post 28 Day Discharge,-1.2927252249287515,-4.748088541401615,2.162638091544112,0.4633971881607113,ordinal_logistic,False
GW Stay in 28 Days,Overall mortality,-2.7668149113837295,-5.395681043114202,-0.1379487796532568,0.03913045821356131,ordinal_logistic,True
GW Stay in 28 Days,Relapse post 28 Day Discharge,1.0729373969648277,-2.0225113665231915,4.168386160452847,0.4969108963905372,ordinal_logistic,False
Mortality in Hospital,Patient ID,0.0656632509957943,-0.014281240261618477,0.14560774225320708,0.1074334260608085,logistic,True
Mortality in Hospital,Age,-0.10120147390111621,-0.2393407274790414,0.03693777967680899,0.1510367941215136,logistic,True
Mortality in Hospital,Male Gender,-1.3862934398686801,-4.561797593316581,1.7892107135792206,0.3921974880476572,logistic,False
Mortality in Hospital,Female Gender,1.3862982450681687,-1.789204054744433,4.561800544880771,0.3921955706926479,logistic,False
Mortality in Hospital,Height,-0.13027136978736997,-0.5377309708563289,0.2771882312815889,0.5309005383241989,logistic,False
Mortality in Hospital,Weight,-0.06890064338570057,-0.18671818928510742,0.04891690251370627,0.2517113249371209,logistic,False
Mortality in Hospital,VIM,-11.433769382951331,-984.2830391997296,961.4155004338269,0.9816221959200618,logistic,False
Mortality in Hospital,NDM,-1.386293210856236,-4.1580997276933855,1.3855133059809137,0.3269589141065634,logistic,False
Mortality in Hospital,P/C in vitro,-11.433769382951308,-984.2830391997182,961.4155004338157,0.9816221959200616,logistic,False
Mortality in Hospital,CAAZ invitro,-14.428052740902489,-2890.0310063821144,2861.1749009003097,0.9921537895434962,logistic,False
Mortality in Hospital,CKD,-11.43376938295145,-984.2830391997875,961.4155004338845,0.9816221959200627,logistic,False
Mortality in Hospital,HTN,-1.9459089111552552,-4.8150015517966995,0.9231837294861893,0.18374596414725097,logistic,True
Mortality in Hospital,DM,-14.402732362135659,-2160.8799692946304,2132.074504570359,0.9895071313341514,logistic,False
Mortality in Hospital,COPD,-11.433769382951416,-984.283039199771,961.4155004338683,0.9816221959200625,logistic,False
Mortality in Hospital,Hypothyroidism,1.3862982450681687,-1.789204054744433,4.561800544880771,0.3921955706926479,logistic,False
Mortality in Hospital,CRO based UTI,1.3862982450681687,-1.789204054744433,4.561800544880771,0.3921955706926479,logistic,False
Mortality in Hospital,CRO based IAI,-11.4337693829514,-984.2830391997633,961.4155004338605,0.9816221959200624,logistic,False
Mortality in Hospital,CRO based HAP,2.772571653838815,-0.4029240987773002,5.94806740645493,0.08703070244416368,logistic,True
Mortality in Hospital,CRO based VAP,-14.402732362135755,-2160.8799692947337,2132.074504570462,0.9895071313341518,logistic,False
Mortality in Hospital,CRO based CAP,-11.433769382951414,-984.2830391997701,961.4155004338674,0.9816221959200624,logistic,False
Mortality in Hospital,CRO based BSI,-11.43376938295145,-984.2830391997875,961.4155004338845,0.9816221959200627,logistic,False
Mortality in Hospital,Other CRO Infections,-11.433769382951416,-984.283039199771,961.4155004338683,0.9816221959200625,logistic,False
Mortality in Hospital,Hospitalization in past 6 Months,1.3863020940577275,-1.3854899118492665,4.158094099964721,0.3269532817550618,logistic,False
Mortality in Hospital,CV Catheter in 6 Months,15.042797239170868,-1691.6158563699212,1721.7014508482628,0.9862168499053501,logistic,False
Mortality in Hospital,Urinary Catheter in 6 Months,15.042797239170868,-1691.6158563699212,1721.7014508482628,0.9862168499053501,logistic,False
Mortality in Hospital,Surgery in last 3 Months,5.1032244235266026e-05,-2.771733098173513,2.7718351626619837,0.9999712078950879,logistic,False
Mortality in Hospital,Past CREPA infection,-14.428052740902507,-2890.0310063821394,2861.1749009003347,0.9921537895434963,logistic,False
Mortality in Hospital,Endoscopy in 1 week,-11.43376938295145,-984.2830391997875,961.4155004338845,0.9816221959200627,logistic,False
Mortality in Hospital,Immunosuppressive drugs in 1 week,-0.4701313098328502,-3.2071158051681277,2.266853185502427,0.7363712272354321,logistic,False
Mortality in Hospital,Inotropes ,0.4700376807748036,-2.266893591385963,3.2069689529355703,0.7364168420941314,logistic,False
Mortality in Hospital,Ventilation,14.063622376202906,-1418.1566673198383,1446.283912072244,0.9846450390108054,logistic,False
Mortality in Hospital,Overall organ support,13.649640371847255,-1934.875411212158,1962.1746919558525,0.9890455715392078,logistic,False
Mortality in Hospital,Neutropenia,-14.428052740902427,-2890.0310063820248,2861.17490090022,0.992153789543496,logistic,False
Mortality in Hospital,Any Viral Infection,0.4700376807748038,-2.2668935913859625,3.20696895293557,0.7364168420941313,logistic,False
Mortality in Hospital,Any Fungal Infection,-16.05084342938048,-3110.72808022234,3078.6263933635787,0.991889209746452,logistic,False
Mortality in Hospital,Hemat Malignancy,5.1032244235135055e-05,-2.7717330981735135,2.771835162661984,0.999971207895088,logistic,False
Mortality in Hospital,Solid Organ,0.47003768077480346,-2.266893591385963,3.2069689529355703,0.7364168420941315,logistic,False
Mortality in Hospital,APACHEII,0.15662719384193036,-0.0991872851279188,0.4124416728117795,0.23012980009674677,logistic,False
Mortality in Hospital,SOFA,0.1633845265604693,-0.22402879831175343,0.5507978514326921,0.40847562310103147,logistic,False
Mortality in Hospital,Total Leukocyte Count,-16.860043664488014,-3683.602517761466,3649.8824304324903,0.9928094756795104,logistic,False
Mortality in Hospital,Absolute Neutrophil Count,16.275428119979086,-5458.431969345484,5490.982825585441,0.9953510250747445,logistic,False
Mortality in Hospital,Absolute Lymphocyte Count,9.809874409915189e-06,-2.771794342135865,2.771813961884685,0.99999446536406,logistic,False
Mortality in Hospital,Platelet,0.9163122104865155,-1.8206128524207061,3.653237273393737,0.5117028050692469,logistic,False
Mortality in Hospital,Bil,0.5596170325238413,-2.3094745196990476,3.42870858474673,0.7022451805642747,logistic,False
Mortality in Hospital,SGPT,0.9163122104865156,-1.820612852420706,3.653237273393737,0.5117028050692469,logistic,False
Mortality in Hospital,SGOT,-1.3862932108562362,-4.158099727693386,1.3855133059809135,0.3269589141065633,logistic,False
Mortality in Hospital,Albumin,-1.38629343986868,-4.561797593316578,1.789210713579219,0.39219748804765686,logistic,False
Mortality in Hospital,Total Protein,-1.38629343986868,-4.561797593316578,1.789210713579219,0.39219748804765686,logistic,False
Mortality in Hospital,Globulin,9.809874410063942e-06,-2.771794342135864,2.771813961884684,0.9999944653640599,logistic,False
Mortality in Hospital,ALP,1.9459084858979598,-0.9231837009487331,4.815000672744652,0.18374599061351105,logistic,True
Mortality in Hospital,Creatinine,13.695412695975993,-3000.4231071902277,3027.8139325821794,0.992894458010293,logistic,False
Mortality in Hospital,Sodium,-1.3862932108562365,-4.158099727693386,1.3855133059809133,0.3269589141065632,logistic,False
Mortality in Hospital,Potassium,5.103224423479158e-05,-2.7717330981735144,2.771835162661984,0.9999712078950882,logistic,False
Mortality in Hospital,Urea,9.809874409913509e-06,-2.771794342135864,2.771813961884684,0.99999446536406,logistic,False
Mortality in Hospital,Calcium,-1.3862932108562362,-4.158099727693386,1.3855133059809135,0.3269589141065633,logistic,False
Mortality in Hospital,Magnesium,1.3863020940577275,-1.3854899118492665,4.158094099964721,0.3269532817550618,logistic,False
Mortality in Hospital,Empirically given P/C and CAAZ,-11.433769382951455,-984.2830391997902,961.4155004338872,0.9816221959200627,logistic,False
Mortality in Hospital,Empirically given P/C only,5.1032244234883086e-05,-2.7717330981735144,2.771835162661984,0.9999712078950881,logistic,False
Mortality in Hospital,Empirically given CAAZ only,-11.433769382951331,-984.2830391997296,961.4155004338269,0.9816221959200618,logistic,False
Mortality in Hospital,Targettedly Given P/C and CAAZ,-14.428052740902489,-2890.0310063821144,2861.1749009003097,0.9921537895434962,logistic,False
Mortality in Hospital,Targettedly Given P/C only,1.3863020940577275,-1.3854899118492665,4.158094099964721,0.3269532817550618,logistic,False
Mortality in Hospital,Targettedly Given CAAZ only,-14.42805274090236,-2890.0310063819275,2861.174900900123,0.9921537895434958,logistic,False
Mortality in Hospital,Amikacin Resistance,-0.45813754375010785,-1.8266076396542534,0.9103325521540377,0.5117222415200016,logistic,False
Mortality in Hospital,Aztreonam Resistance,-2.413869070602437,-5.292991248132852,0.4652531069279777,0.10033273267683128,logistic,True
Mortality in Hospital,Ciprofloxacin Resistance,-1.2104027399440962,-2.9150679079233335,0.4942624280351413,0.1640197911680238,logistic,True
Mortality in Hospital,Colistin Resistance,-9.830834558578665,-446.3283627283729,426.6666936112156,0.964790834792011,logistic,False
Mortality in Hospital,Cefepime Resistance,-1.3024400700593206,-2.920965189834531,0.3160850497158896,0.1147498241853986,logistic,True
Mortality in Hospital,Gentamicin Resistance,-11.433769382951416,-984.283039199771,961.4155004338683,0.9816221959200625,logistic,False
Mortality in Hospital,Imipenem Resistance,-9.099371035482806,-4143.524144082934,4125.325402011969,0.9965582201665918,logistic,False
Mortality in Hospital,Levofloxacin Resistance,-0.5235804323075427,-2.1164274334973316,1.0692665688822465,0.5194104387802705,logistic,False
Mortality in Hospital,Meropenem Resistance,-9.099371035482806,-4143.524144082934,4125.325402011969,0.9965582201665918,logistic,False
Mortality in Hospital,Cefoperazone/Sulbactam,-2.205500792600198,-4.564227328303582,0.15322574310318648,0.06685577705098227,logistic,True
Mortality in Hospital,Ceftazidime Resistance,-22.28863552052598,-454.57340592963016,409.9961348885782,0.9195060921614496,logistic,False
Mortality in Hospital,Piperacillin/Tazobactam Resistance,-1.2104027399440962,-2.9150679079233335,0.4942624280351413,0.1640197911680238,logistic,True
Mortality in Hospital,Carbapenemase,-2.7725811665204323,-5.948083817177597,0.40292148413673257,0.08703030499467902,logistic,True
Mortality in Hospital,Clinical improvement,-1.9459089111552552,-4.8150015517966995,0.9231837294861893,0.18374596414725097,logistic,True
Mortality in Hospital,ICU Stay in 28 Days,0.14429201353617171,-0.2842426703718592,0.5728266974442027,0.5092923779551515,logistic,False
Mortality in Hospital,GW Stay in 28 Days,-0.46221950225469766,-1.0616884133647915,0.13724940885539616,0.1307306369260205,logistic,True
Mortality in Hospital,Total Hospital stay in 28 days,-0.18781189215760555,-0.5575828091399558,0.18195902482474471,0.31949630385887196,logistic,False
Mortality in Hospital,Mortality post 28 Day Discharge,-14.428052740902507,-2890.0310063821394,2861.1749009003347,0.9921537895434963,logistic,False
Mortality in Hospital,Overall mortality,15.98701314325713,-1775.3606735825622,1807.3346998690765,0.9860442413146393,logistic,False
Mortality in Hospital,Relapse post 28 Day Discharge,-11.433769382951414,-984.2830391997701,961.4155004338674,0.9816221959200624,logistic,False
Mortality post 28 Day Discharge,Patient ID,-0.02575195361256317,-0.08152760020601937,0.030023692980893035,0.3655039378817305,logistic,False
Mortality post 28 Day Discharge,Age,0.014857959018360196,-0.12646984582627346,0.15618576386299388,0.8367492550726274,logistic,False
Mortality post 28 Day Discharge,Male Gender,13.45862407331035,-2305.2845533330465,2332.2018014796668,0.9909233247248374,logistic,False
Mortality post 28 Day Discharge,Female Gender,-14.519709176847252,-3956.103286825012,3927.0638684713176,0.9942393491018934,logistic,False
Mortality post 28 Day Discharge,Height,0.2325137726910184,-0.2144235141603528,0.6794510595423896,0.3078955274428279,logistic,False
Mortality post 28 Day Discharge,Weight,0.07001447529966531,-0.12457380787074401,0.26460275847007464,0.48067876982014424,logistic,False
Mortality post 28 Day Discharge,VIM,-11.598644593527835,-1383.961239053699,1360.7639498666435,0.986783798230676,logistic,False
Mortality post 28 Day Discharge,NDM,16.202071508968313,-4554.311966637404,4586.716109655341,0.9944564220864002,logistic,False
Mortality post 28 Day Discharge,P/C in vitro,-11.598644593529915,-1383.961239055131,1360.763949868071,0.9867837982306874,logistic,False
Mortality post 28 Day Discharge,CAAZ invitro,2.197120687050239,-1.2598927649926837,5.654134139093161,0.21288775296364393,logistic,False
Mortality post 28 Day Discharge,CKD,12.114528228320246,-252.68289723291394,276.9119536895544,0.9285504951600916,logistic,False
Mortality post 28 Day Discharge,HTN,-0.847419958092714,-3.931615388368367,2.236775472182939,0.5902154887637302,logistic,False
Mortality post 28 Day Discharge,DM,1.3862988658732516,-1.7892084077761956,4.561806139522699,0.39219610022095264,logistic,False
Mortality post 28 Day Discharge,COPD,-11.598644593529748,-1383.9612390550164,1360.7639498679569,0.9867837982306865,logistic,False
Mortality post 28 Day Discharge,Hypothyroidism,2.197120687050239,-1.259892764992684,5.654134139093162,0.21288775296364404,logistic,False
Mortality post 28 Day Discharge,CRO based UTI,-14.519709176847412,-3956.1032868253264,3927.063868471632,0.9942393491018938,logistic,False
Mortality post 28 Day Discharge,CRO based IAI,-11.598644593529821,-1383.9612390550662,1360.7639498680066,0.9867837982306868,logistic,False
Mortality post 28 Day Discharge,CRO based HAP,1.3862988658732518,-1.7892084077761958,4.5618061395227,0.39219610022095264,logistic,False
Mortality post 28 Day Discharge,CRO based VAP,-14.569786918904505,-3101.3561814207696,3072.216607582961,0.9926187726757828,logistic,False
Mortality post 28 Day Discharge,CRO based CAP,12.11452822832026,-252.68289723291392,276.9119536895544,0.9285504951600916,logistic,False
Mortality post 28 Day Discharge,CRO based BSI,-11.598644593529816,-1383.9612390550628,1360.7639498680032,0.9867837982306868,logistic,False
Mortality post 28 Day Discharge,Other CRO Infections,-11.598644593529748,-1383.9612390550164,1360.7639498679569,0.9867837982306865,logistic,False
Mortality post 28 Day Discharge,Hospitalization in past 6 Months,0.405498626932926,-2.641359801752436,3.4523570556182883,0.7942107956363081,logistic,False
Mortality post 28 Day Discharge,CV Catheter in 6 Months,-11.598644593529915,-1383.961239055131,1360.763949868071,0.9867837982306874,logistic,False
Mortality post 28 Day Discharge,Urinary Catheter in 6 Months,-11.598644593529915,-1383.961239055131,1360.763949868071,0.9867837982306874,logistic,False
Mortality post 28 Day Discharge,Surgery in last 3 Months,0.8473033965481216,-2.2368715509455805,3.9314783440418237,0.590264145872145,logistic,False
Mortality post 28 Day Discharge,Past CREPA infection,29.036519373172833,-6950.0148601721685,7008.087898918515,0.9934937387199674,logistic,False
Mortality post 28 Day Discharge,Endoscopy in 1 week,12.114528228320246,-252.68289723291394,276.9119536895544,0.9285504951600916,logistic,False
Mortality post 28 Day Discharge,Immunosuppressive drugs in 1 week,-14.979967166110892,-2495.8375311658524,2465.877596833631,0.9905574988634436,logistic,False
Mortality post 28 Day Discharge,Inotropes ,16.202071508243947,-4554.311961119399,4586.716104135886,0.9944564220799544,logistic,False
Mortality post 28 Day Discharge,Ventilation,-0.8474199580926964,-3.931615388368348,2.2367754721829556,0.5902154887637376,logistic,False
Mortality post 28 Day Discharge,Overall organ support,13.458624073466204,-2305.2845533328905,2332.2018014798227,0.9909233247247322,logistic,False
Mortality post 28 Day Discharge,Neutropenia,-14.519709176847497,-3956.103286825495,3927.0638684718006,0.994239349101894,logistic,False
Mortality post 28 Day Discharge,Any Viral Infection,16.202071507698083,-4554.31196387931,4586.716106894705,0.9944564220834881,logistic,False
Mortality post 28 Day Discharge,Any Fungal Infection,0.4054986269329257,-2.641359801752437,3.4523570556182883,0.7942107956363084,logistic,False
Mortality post 28 Day Discharge,Hemat Malignancy,-14.474528567403707,-2374.4032334465246,2345.4541763117168,0.9904085727444328,logistic,False
Mortality post 28 Day Discharge,Solid Organ,-0.4054389896630544,-3.452312620939599,2.64143464161349,0.7942413848563044,logistic,False
Mortality post 28 Day Discharge,APACHEII,0.0018239723308734568,-0.20338236254060738,0.20703030720235427,0.9861006763553849,logistic,False
Mortality post 28 Day Discharge,SOFA,0.06351031350235248,-0.36404793694145565,0.4910685639461606,0.7709467205716303,logistic,False
Mortality post 28 Day Discharge,Total Leukocyte Count,-12.679678806319256,-653.9884701301081,628.6291125174697,0.9690884681902782,logistic,False
Mortality post 28 Day Discharge,Absolute Neutrophil Count,-1.3863139657334205,-4.5617949553273505,1.7891670238605097,0.3921870249193846,logistic,False
Mortality post 28 Day Discharge,Absolute Lymphocyte Count,-0.8474199580926995,-3.9316153883683516,2.236775472182953,0.5902154887637364,logistic,False
Mortality post 28 Day Discharge,Platelet,-12.679678806319822,-653.9884701302905,628.6291125176509,0.9690884681902855,logistic,False
Mortality post 28 Day Discharge,Bil,-14.56978691890447,-3101.3561814207155,3072.216607582907,0.9926187726757827,logistic,False
Mortality post 28 Day Discharge,SGPT,-12.679678806319185,-653.9884701300853,628.6291125174469,0.9690884681902772,logistic,False
Mortality post 28 Day Discharge,SGOT,16.202071506635566,-4554.311958361642,4586.716101374913,0.994456422077158,logistic,False
Mortality post 28 Day Discharge,Albumin,13.458624073187732,-2305.284553333169,2332.2018014795444,0.9909233247249201,logistic,False
Mortality post 28 Day Discharge,Total Protein,13.458624073187732,-2305.284553333169,2332.2018014795444,0.9909233247249201,logistic,False
Mortality post 28 Day Discharge,Globulin,-14.718377319784937,-1103.018320810762,1073.5815661711922,0.9788530069079104,logistic,False
Mortality post 28 Day Discharge,ALP,0.8473033965481221,-2.23687155094558,3.931478344041824,0.5902641458721449,logistic,False
Mortality post 28 Day Discharge,Creatinine,13.335836554911591,-3257.823473897377,3284.4951470072,0.9936246783643501,logistic,False
Mortality post 28 Day Discharge,Sodium,16.202071506626623,-4554.311955602287,4586.7160986155395,0.9944564220738142,logistic,False
Mortality post 28 Day Discharge,Potassium,0.8473033965481218,-2.2368715509455805,3.9314783440418237,0.5902641458721449,logistic,False
Mortality post 28 Day Discharge,Urea,-0.8474199580927184,-3.931615388368372,2.236775472182935,0.5902154887637283,logistic,False
Mortality post 28 Day Discharge,Calcium,-0.40543898966305425,-3.452312620939599,2.64143464161349,0.7942413848563044,logistic,False
Mortality post 28 Day Discharge,Magnesium,0.40549862693292554,-2.641359801752437,3.4523570556182883,0.7942107956363085,logistic,False
Mortality post 28 Day Discharge,Empirically given P/C and CAAZ,-11.598644593529816,-1383.9612390550628,1360.7639498680032,0.9867837982306868,logistic,False
Mortality post 28 Day Discharge,Empirically given P/C only,0.8473033965481219,-2.23687155094558,3.931478344041824,0.5902641458721449,logistic,False
Mortality post 28 Day Discharge,Empirically given CAAZ only,-11.598644593527835,-1383.961239053699,1360.7639498666435,0.986783798230676,logistic,False
Mortality post 28 Day Discharge,Targettedly Given P/C and CAAZ,2.197120687050239,-1.2598927649926837,5.654134139093161,0.21288775296364393,logistic,False
Mortality post 28 Day Discharge,Targettedly Given P/C only,-14.979967166111098,-2495.837531166109,2465.8775968338864,0.9905574988634444,logistic,False
Mortality post 28 Day Discharge,Targettedly Given CAAZ only,2.197120687050239,-1.259892764992684,5.654134139093162,0.21288775296364404,logistic,False
Mortality post 28 Day Discharge,Amikacin Resistance,8.974657710980973e-06,-1.518178998656493,1.518196947971915,0.9999907555623098,logistic,False
Mortality post 28 Day Discharge,Aztreonam Resistance,14.576842112239841,-3779.3478963856264,3808.501580610106,0.9939916007082104,logistic,False
Mortality post 28 Day Discharge,Ciprofloxacin Resistance,9.976455636106982,-527.7611890384428,547.7141003106567,0.9709933022519842,logistic,False
Mortality post 28 Day Discharge,Colistin Resistance,-14.114904216679975,-4843.265313883918,4815.035505450558,0.9954291919853072,logistic,False
Mortality post 28 Day Discharge,Cefepime Resistance,13.810650897864134,-3372.66671453401,3400.288016329738,0.9936225142296428,logistic,False
Mortality post 28 Day Discharge,Gentamicin Resistance,-11.598644593529748,-1383.9612390550164,1360.7639498679569,0.9867837982306865,logistic,False
Mortality post 28 Day Discharge,Imipenem Resistance,7.182245519706416,-2728.290995158758,2742.6554861981713,0.9958940466383979,logistic,False
Mortality post 28 Day Discharge,Levofloxacin Resistance,9.976455636081965,-527.761188903651,547.7141001758149,0.9709933022447879,logistic,False
Mortality post 28 Day Discharge,Meropenem Resistance,7.182245519706416,-2728.290995158758,2742.6554861981713,0.9958940466383979,logistic,False
Mortality post 28 Day Discharge,Cefoperazone/Sulbactam,9.976455636090412,-527.7611890384594,547.7141003106403,0.9709933022520324,logistic,False
Mortality post 28 Day Discharge,Ceftazidime Resistance,9.976455636059564,-527.7611888137955,547.7141000859145,0.9709933022400069,logistic,False
Mortality post 28 Day Discharge,Piperacillin/Tazobactam Resistance,9.976455636106982,-527.7611890384428,547.7141003106567,0.9709933022519842,logistic,False
Mortality post 28 Day Discharge,Carbapenemase,15.65595676273297,-5297.668664829844,5328.980578355309,0.9953921429083278,logistic,False
Mortality post 28 Day Discharge,Clinical improvement,-0.847419958092714,-3.931615388368367,2.236775472182939,0.5902154887637302,logistic,False
Mortality post 28 Day Discharge,ICU Stay in 28 Days,-0.04812488832597396,-0.5205716949101086,0.4243219182581606,0.8417559049975385,logistic,False
Mortality post 28 Day Discharge,GW Stay in 28 Days,-0.11738292367211753,-0.4458099027169391,0.21104405537270407,0.4836090149174448,logistic,False
Mortality post 28 Day Discharge,Total Hospital stay in 28 days,-0.09608539796217254,-0.39557190463410213,0.20340110870975708,0.5294651246078835,logistic,False
Mortality post 28 Day Discharge,Mortality in Hospital,-14.569786918904523,-3101.3561814207974,3072.2166075829887,0.9926187726757829,logistic,False
Mortality post 28 Day Discharge,Overall mortality,16.944783135980813,-4320.684192305749,4354.5737585777115,0.9938910366036113,logistic,False
Mortality post 28 Day Discharge,Relapse post 28 Day Discharge,12.11452822832026,-252.68289723291392,276.9119536895544,0.9285504951600916,logistic,False
Relapse post 28 Day Discharge,Patient ID,0.01043120084138206,-0.05137312060756434,0.07223552229032847,0.7407966801058705,logistic,False
Relapse post 28 Day Discharge,Age,0.05894585441730156,-0.18144508348781407,0.2993367923224172,0.6308012089297852,logistic,False
Relapse post 28 Day Discharge,Male Gender,9.898999577841545,-576.7945786138996,596.5925777695827,0.9736191385848288,logistic,False
Relapse post 28 Day Discharge,Female Gender,-11.684065518178247,-1443.914466718139,1420.5463356817827,0.9872429357360609,logistic,False
Relapse post 28 Day Discharge,Height,17.015686069437976,-1478.6619057577493,1512.6932778966254,0.9822105040257328,logistic,False
Relapse post 28 Day Discharge,Weight,0.04906463541790879,-0.18887597254728716,0.28700524338310474,0.686098643782227,logistic,False
Relapse post 28 Day Discharge,VIM,-11.804574978867036,-2279.51542742712,2255.9062774693857,0.9918596459410822,logistic,False
Relapse post 28 Day Discharge,NDM,12.450960457808385,-1072.7914353706965,1097.6933562863132,0.9820597844760518,logistic,False
Relapse post 28 Day Discharge,P/C in vitro,-11.804574978867207,-2279.515427427313,2255.906277469579,0.9918596459410828,logistic,False
Relapse post 28 Day Discharge,CAAZ invitro,-11.684065518177302,-1443.9144667174603,1420.5463356811058,0.9872429357360559,logistic,False
Relapse post 28 Day Discharge,CKD,-11.804574978867219,-2279.5154274273273,2255.906277469593,0.9918596459410828,logistic,False
Relapse post 28 Day Discharge,HTN,-10.3399712715253,-221.48458837050197,200.80464582745134,0.923535287293517,logistic,False
Relapse post 28 Day Discharge,DM,-14.150851907239863,-3799.1889518742832,3770.8872480598034,0.9941534913496018,logistic,False
Relapse post 28 Day Discharge,COPD,-11.804574978867238,-2279.515427427349,2255.906277469615,0.9918596459410829,logistic,False
Relapse post 28 Day Discharge,Hypothyroidism,15.835636562316056,-1685.8885233561475,1717.5597964807796,0.9854484104560924,logistic,False
Relapse post 28 Day Discharge,CRO based UTI,-11.684065518177906,-1443.9144667178948,1420.546335681539,0.9872429357360591,logistic,False
Relapse post 28 Day Discharge,CRO based IAI,-11.804574978870086,-2279.515427430583,2255.9062774728422,0.9918596459410925,logistic,False
Relapse post 28 Day Discharge,CRO based HAP,-14.150851907239264,-3799.1889518731527,3770.887248058674,0.9941534913496004,logistic,False
Relapse post 28 Day Discharge,CRO based VAP,-14.150851907239044,-3799.1889518727357,3770.8872480582577,0.9941534913495998,logistic,False
Relapse post 28 Day Discharge,CRO based CAP,29.587850496686237,-12348.818409182699,12407.99411017607,0.9962620348560601,logistic,False
Relapse post 28 Day Discharge,CRO based BSI,-11.804574978867219,-2279.5154274273273,2255.906277469593,0.9918596459410828,logistic,False
Relapse post 28 Day Discharge,Other CRO Infections,-11.804574978867238,-2279.515427427349,2255.906277469615,0.9918596459410829,logistic,False
Relapse post 28 Day Discharge,Hospitalization in past 6 Months,-14.39915089623903,-2889.169324457446,2860.3710226649678,0.9921672380230833,logistic,False
Relapse post 28 Day Discharge,CV Catheter in 6 Months,-11.804574978867185,-2279.515427427289,2255.906277469555,0.9918596459410827,logistic,False
Relapse post 28 Day Discharge,Urinary Catheter in 6 Months,-11.804574978867185,-2279.515427427289,2255.906277469555,0.9918596459410827,logistic,False
Relapse post 28 Day Discharge,Surgery in last 3 Months,-9.427704044409369,-298.49509019851746,279.6396821096987,0.9490317976955329,logistic,False
Relapse post 28 Day Discharge,Past CREPA infection,15.835636562408896,-1685.8885232848434,1717.559796409661,0.9854484104553982,logistic,False
Relapse post 28 Day Discharge,Endoscopy in 1 week,-11.804574978867219,-2279.5154274273273,2255.906277469593,0.9918596459410828,logistic,False
Relapse post 28 Day Discharge,Immunosuppressive drugs in 1 week,-14.399150896239732,-2889.169324458458,2860.371022665978,0.9921672380230856,logistic,False
Relapse post 28 Day Discharge,Inotropes ,12.45096045782937,-1072.7914354076152,1097.6933563232737,0.9820597844766321,logistic,False
Relapse post 28 Day Discharge,Ventilation,-10.339971271525215,-221.48458837049293,200.80464582744247,0.9235352872935144,logistic,False
Relapse post 28 Day Discharge,Overall organ support,9.898999577849718,-576.7945786138914,596.5925777695909,0.9736191385848071,logistic,False
Relapse post 28 Day Discharge,Neutropenia,-11.684065518177759,-1443.9144667177877,1420.5463356814323,0.9872429357360584,logistic,False
Relapse post 28 Day Discharge,Any Viral Infection,12.450960457839294,-1072.7914353706656,1097.6933562863442,0.9820597844760073,logistic,False
Relapse post 28 Day Discharge,Any Fungal Infection,-14.399150896239476,-2889.1693244580897,2860.371022665611,0.9921672380230847,logistic,False
Relapse post 28 Day Discharge,Hemat Malignancy,-9.427704044409444,-298.4950901985283,279.63968210970944,0.9490317976955344,logistic,False
Relapse post 28 Day Discharge,Solid Organ,-12.104069635534026,-641.7666991819965,617.5585599109284,0.9699455414424941,logistic,False
Relapse post 28 Day Discharge,APACHEII,0.11517382653304548,-0.25868339266096535,0.4890310457270563,0.5459738395551363,logistic,False
Relapse post 28 Day Discharge,SOFA,-0.0759185189714328,-0.683698577578033,0.5318615396351675,0.8065947256779944,logistic,False
Relapse post 28 Day Discharge,Total Leukocyte Count,-15.037080391700465,-3310.689325007295,3280.615164223894,0.992864827015497,logistic,False
Relapse post 28 Day Discharge,Absolute Neutrophil Count,-10.88195801364225,-224.0180326964754,202.2541166691909,0.9202897997317142,logistic,False
Relapse post 28 Day Discharge,Absolute Lymphocyte Count,-10.339971271525396,-221.4845883705122,200.8046458274614,0.92353528729352,logistic,False
Relapse post 28 Day Discharge,Platelet,-15.037080391700755,-3310.6893250077696,3280.615164224368,0.992864827015498,logistic,False
Relapse post 28 Day Discharge,Bil,-14.150851907239756,-3799.1889518740813,3770.8872480596015,0.9941534913496016,logistic,False
Relapse post 28 Day Discharge,SGPT,-15.037080391699591,-3310.6893250058542,3280.6151642224554,0.9928648270154944,logistic,False
Relapse post 28 Day Discharge,SGOT,12.45096045782455,-1072.7914353706803,1097.6933562863294,0.9820597844760285,logistic,False
Relapse post 28 Day Discharge,Albumin,9.898999577849935,-576.7945786138912,596.5925777695911,0.9736191385848065,logistic,False
Relapse post 28 Day Discharge,Total Protein,9.898999577849935,-576.7945786138912,596.5925777695911,0.9736191385848065,logistic,False
Relapse post 28 Day Discharge,Globulin,-10.339971271525311,-221.48458837050313,200.8046458274525,0.9235352872935173,logistic,False
Relapse post 28 Day Discharge,ALP,-9.427704044409346,-298.49509019851433,279.6396821096957,0.9490317976955325,logistic,False
Relapse post 28 Day Discharge,Creatinine,10.486207559760798,-1162.5580957006266,1183.530510820148,0.9860211975232743,logistic,False
Relapse post 28 Day Discharge,Sodium,12.4509604578259,-1072.7914354076186,1097.6933563232703,0.9820597844766371,logistic,False
Relapse post 28 Day Discharge,Potassium,-9.427704044409593,-298.4950901985501,279.63968210973087,0.9490317976955374,logistic,False
Relapse post 28 Day Discharge,Urea,-10.339971271525485,-221.48458837052166,200.8046458274707,0.9235352872935226,logistic,False
Relapse post 28 Day Discharge,Calcium,12.450960457820091,-1072.7914353706847,1097.693356286325,0.9820597844760349,logistic,False
Relapse post 28 Day Discharge,Magnesium,-14.399150896239217,-2889.169324457717,2860.371022665239,0.9921672380230838,logistic,False
Relapse post 28 Day Discharge,Empirically given P/C and CAAZ,-11.804574978869978,-2279.51542743046,2255.9062774727204,0.9918596459410921,logistic,False
Relapse post 28 Day Discharge,Empirically given P/C only,15.258857024733059,-2454.628841910044,2485.14655595951,0.9903389943383643,logistic,False
Relapse post 28 Day Discharge,Empirically given CAAZ only,-11.804574978867036,-2279.51542742712,2255.9062774693857,0.9918596459410822,logistic,False
Relapse post 28 Day Discharge,Targettedly Given P/C and CAAZ,-11.684065518177302,-1443.9144667174603,1420.5463356811058,0.9872429357360559,logistic,False
Relapse post 28 Day Discharge,Targettedly Given P/C only,-14.399150896239208,-2889.169324457702,2860.371022665224,0.9921672380230838,logistic,False
Relapse post 28 Day Discharge,Targettedly Given CAAZ only,15.835636562306021,-1685.8885233561575,1717.5597964807696,0.9854484104561017,logistic,False
Relapse post 28 Day Discharge,Amikacin Resistance,4.650885079948894,-89.00497635827006,98.30674651816784,0.9224639742209507,logistic,False
Relapse post 28 Day Discharge,Aztreonam Resistance,13.245224671761902,-2934.176316025285,2960.666765368809,0.9929725200758585,logistic,False
Relapse post 28 Day Discharge,Ciprofloxacin Resistance,13.196953381584065,-4055.598093367852,4081.99200013102,0.9949278382364494,logistic,False
Relapse post 28 Day Discharge,Colistin Resistance,-14.987385252490203,-11150.787981718984,11120.813211214003,0.9978952909219956,logistic,False
Relapse post 28 Day Discharge,Cefepime Resistance,7.427312116157753,-204.47940869277625,219.33403292509178,0.945231150865422,logistic,False
Relapse post 28 Day Discharge,Gentamicin Resistance,-11.804574978867238,-2279.515427427349,2255.906277469615,0.9918596459410829,logistic,False
Relapse post 28 Day Discharge,Imipenem Resistance,6.459060434485783,-1972.0803289444577,1984.9984498134293,0.9948948343728106,logistic,False
Relapse post 28 Day Discharge,Levofloxacin Resistance,13.196953379360412,-4055.5980836362996,4081.9919903950204,0.9949278382251701,logistic,False
Relapse post 28 Day Discharge,Meropenem Resistance,6.459060434485783,-1972.0803289444577,1984.9984498134293,0.9948948343728106,logistic,False
Relapse post 28 Day Discharge,Cefoperazone/Sulbactam,13.196953383470033,-4055.598044697078,4081.991951464018,0.9949278381750547,logistic,False
Relapse post 28 Day Discharge,Ceftazidime Resistance,13.196953358320371,-4055.5979765857937,4081.991883302435,0.9949278380997829,logistic,False
Relapse post 28 Day Discharge,Piperacillin/Tazobactam Resistance,13.196953381584065,-4055.598093367852,4081.99200013102,0.9949278382364494,logistic,False
Relapse post 28 Day Discharge,Carbapenemase,12.13259403811307,-1367.6376583782862,1391.9028464545122,0.9862496566598243,logistic,False
Relapse post 28 Day Discharge,Clinical improvement,-10.3399712715253,-221.48458837050197,200.80464582745134,0.923535287293517,logistic,False
Relapse post 28 Day Discharge,ICU Stay in 28 Days,-0.38139612177335214,-1.282213802364232,0.5194215588175276,0.40663671025619896,logistic,False
Relapse post 28 Day Discharge,GW Stay in 28 Days,0.08437349063611126,-0.2847308256228201,0.45347780689504263,0.6541331175615437,logistic,False
Relapse post 28 Day Discharge,Total Hospital stay in 28 days,-0.011527120787260741,-0.31386540684114295,0.29081116526662143,0.9404321656701604,logistic,False
Relapse post 28 Day Discharge,Mortality in Hospital,-14.150851907238996,-3799.1889518726484,3770.8872480581704,0.9941534913495997,logistic,False
Relapse post 28 Day Discharge,Mortality post 28 Day Discharge,15.835636562408896,-1685.8885232848434,1717.559796409661,0.9854484104553982,logistic,False
Relapse post 28 Day Discharge,Overall mortality,12.151529960436555,-632.5956206006232,656.8986805214962,0.9705333391247281,logistic,False
